{"cameraMode":{"drawMode":0,"name":"Shaded","section":"Shading Mode"},"sceneLighting":true,"audioPlay":false,"sceneViewState":{"showFog":true,"showMaterialUpdate":false,"showSkybox":true,"showFlares":true,"showImageEffects":true,"showParticleSystems":true},"in2DMode":false,"pivot":{"x":2.9022457599639894,"y":-1.0241141319274903,"z":0.6226301193237305},"rotation":{"x":-0.17570103704929353,"y":-0.08641389012336731,"z":0.015484539791941643,"w":-0.9805213212966919},"size":8.006741523742676,"orthographic":false}